{
    "陕西": {
        "华山": 0.6226295552701724,
        "西安城墙": 0.7217185197347171,
        "秦始皇兵马俑博物馆": 0.7662404606714427,
        "华清宫": 0.7461011364837705,
        "陕西历史博物馆": 0.8170134841427196
    },
    "安徽": {
        "西递": 0.7890657007960882,
        "西海大峡谷": 0.8426534740598828,
        "徽州古城": 0.5282148477771671,
        "宏村": 0.8222047125943863,
        "黄山风景区": 0.8762933850265944
    },
    "北京": {
        "天坛公园": 0.7988003057780858,
        "颐和园": 0.8330230445326698,
        "故宫": 0.8659692868659868,
        "天安门广场": 0.7803189084136597,
        "八达岭长城": 0.7117328172241606
    }
}